product_id,title,price,category,type,image_url,product_url,scrape_date
2233035,Hemd - Regular Fit - Kent - Nadelstreifen,"25,99",shirts,hemd,"https://www.c-and-a.com/img/product/q_auto:good,b_rgb:FAFAFA,c_scale,w_262/v1733405131/productimages/2233035-1-01.jpg",https://www.c-and-a.com/de/de/shop/hemd-regular-fit-kent-nadelstreifen-2233035/1,2025-03-12 14:30:21
2225892,Businesshemd - Regular Fit - Kent - bügelleicht,"29,99",shirts,hemd,"https://www.c-and-a.com/img/product/q_auto:good,b_rgb:FAFAFA,c_scale,w_262/v1719226657/productimages/2225892-1-01.jpg",https://www.c-and-a.com/de/de/shop/businesshemd-regular-fit-kent-buegelleicht-2225892/1,2025-03-12 14:30:27
2225894,Businesshemd - Regular Fit - Kent,"19,99",shirts,hemd,"https://www.c-and-a.com/img/product/q_auto:good,b_rgb:FAFAFA,c_scale,w_262/v1724406631/productimages/2225894-1-01.jpg",https://www.c-and-a.com/de/de/shop/businesshemd-regular-fit-kent-2225894/1,2025-03-12 14:30:27
2233964,Hemd - Relaxed Fit - Kent,"29,99",shirts,hemd,"https://www.c-and-a.com/img/product/q_auto:good,b_rgb:FAFAFA,c_scale,w_262/v1734345013/productimages/2233964-1-01.jpg",https://www.c-and-a.com/de/de/shop/hemd-relaxed-fit-kent-2233964/1,2025-03-12 14:30:21
2225904,Businesshemd - Slim Fit - Kent,"19,99",shirts,hemd,"https://www.c-and-a.com/img/product/q_auto:good,b_rgb:FAFAFA,c_scale,w_262/v1721824521/productimages/2225904-1-01.jpg",https://www.c-and-a.com/de/de/shop/businesshemd-slim-fit-kent-2225904/1,2025-03-12 14:30:27
2233259,Hemd - Regular Fit - Stehkragen - Leinen-Mix,"25,99",shirts,hemd,"https://www.c-and-a.com/img/product/q_auto:good,b_rgb:FAFAFA,c_scale,w_262/v1738238905/productimages/2233259-1-01.jpg",https://www.c-and-a.com/de/de/shop/hemd-regular-fit-stehkragen-leinen-mix-2233259/1,2025-03-12 14:30:21
2233041,Hemd - Regular Fit - Button-down,"19,99",shirts,hemd,"https://www.c-and-a.com/img/product/q_auto:good,b_rgb:FAFAFA,c_scale,w_262/v1732715920/productimages/2233041-1-01.jpg",https://www.c-and-a.com/de/de/shop/hemd-regular-fit-button-down-2233041/1,2025-03-12 14:30:21
2225902,Businesshemd - Slim Fit - Kent - bügelleicht,"29,99",shirts,hemd,"https://www.c-and-a.com/img/product/q_auto:good,b_rgb:FAFAFA,c_scale,w_262/v1717673919/productimages/2225902-1-01.jpg",https://www.c-and-a.com/de/de/shop/businesshemd-slim-fit-kent-buegelleicht-2225902/1,2025-03-12 14:30:27
2232877,Hemdjacke - Relaxed Fit - Kent - strukturiert,"29,99",shirts,hemd,"https://www.c-and-a.com/img/product/q_auto:good,b_rgb:FAFAFA,c_scale,w_262/v1733405237/productimages/2232877-3-01.jpg",https://www.c-and-a.com/de/de/shop/hemdjacke-relaxed-fit-kent-strukturiert-2232877/3,2025-03-12 14:30:21
2225901,Businesshemd - Slim Fit - Cutaway - bügelleicht,"29,99",shirts,hemd,"https://www.c-and-a.com/img/product/q_auto:good,b_rgb:FAFAFA,c_scale,w_262/v1717673452/productimages/2225901-2-01.jpg",https://www.c-and-a.com/de/de/shop/businesshemd-slim-fit-cutaway-buegelleicht-2225901/2,2025-03-12 14:30:27
2233044,Hemd - Regular Fit - Kent - strukturiert,"19,99",shirts,hemd,"https://www.c-and-a.com/img/product/q_auto:good,b_rgb:FAFAFA,c_scale,w_262/v1734010119/productimages/2233044-4-01.jpg",https://www.c-and-a.com/de/de/shop/hemd-regular-fit-kent-strukturiert-2233044/4,2025-03-12 14:30:21
2233043,Hemd - Regular Fit - Stehkragen,"19,99",shirts,hemd,"https://www.c-and-a.com/img/product/q_auto:good,b_rgb:FAFAFA,c_scale,w_262/v1738679967/productimages/2233043-1-01.jpg",https://www.c-and-a.com/de/de/shop/hemd-regular-fit-stehkragen-2233043/1,2025-03-12 14:30:21
2235425,Hemd - Regular Fit - Button-down,"19,99",shirts,hemd,"https://www.c-and-a.com/img/product/q_auto:good,b_rgb:FAFAFA,c_scale,w_262/v1733405397/productimages/2235425-3-01.jpg",https://www.c-and-a.com/de/de/shop/hemd-regular-fit-button-down-2235425/3,2025-03-12 14:30:21
2225886,Businesshemd - Regular Fit - Kent - bügelleicht,"29,99",shirts,hemd,"https://www.c-and-a.com/img/product/q_auto:good,b_rgb:FAFAFA,c_scale,w_262/v1722594807/productimages/2225886-2-01.jpg",https://www.c-and-a.com/de/de/shop/businesshemd-regular-fit-kent-buegelleicht-2225886/2,2025-03-12 14:30:27
2233902,Hemd - Regular Fit - Kent - strukturiert,"19,99",shirts,hemd,"https://www.c-and-a.com/img/product/q_auto:good,b_rgb:FAFAFA,c_scale,w_262/v1738235034/productimages/2233902-3-01.jpg",https://www.c-and-a.com/de/de/shop/hemd-regular-fit-kent-strukturiert-2233902/3,2025-03-12 14:30:21
2235429,Oxford-Hemd - Regular Fit - Button-down - gestreift,"19,99",shirts,hemd,"https://www.c-and-a.com/img/product/q_auto:good,b_rgb:FAFAFA,c_scale,w_262/v1737358846/productimages/2235429-2-01.jpg",https://www.c-and-a.com/de/de/shop/oxford-hemd-regular-fit-button-down-gestreift-2235429/2,2025-03-12 14:30:21
2232193,Businesshemd - Regular Fit - Kent - bügelleicht - gemustert,"29,99",shirts,hemd,"https://www.c-and-a.com/img/product/q_auto:good,b_rgb:FAFAFA,c_scale,w_262/v1734011036/productimages/2232193-1-01.jpg",https://www.c-and-a.com/de/de/shop/businesshemd-regular-fit-kent-buegelleicht-gemustert-2232193/1,2025-03-12 14:30:27
2225887,Businesshemd - Regular Fit - Kent - bügelleicht,"29,99",shirts,hemd,"https://www.c-and-a.com/img/product/q_auto:good,b_rgb:FAFAFA,c_scale,w_262/v1722597821/productimages/2225887-1-01.jpg",https://www.c-and-a.com/de/de/shop/businesshemd-regular-fit-kent-buegelleicht-2225887/1,2025-03-12 14:30:27
2235632,Hemd - Relaxed Fit - Kent - strukturiert,"19,99",shirts,hemd,"https://www.c-and-a.com/img/product/q_auto:good,b_rgb:FAFAFA,c_scale,w_262/v1734467495/productimages/2235632-2-01.jpg",https://www.c-and-a.com/de/de/shop/hemd-relaxed-fit-kent-strukturiert-2235632/2,2025-03-12 14:30:21
2233088,Hemd - Regular Fit - Kent - Leinen-Mix,"25,99",shirts,hemd,"https://www.c-and-a.com/img/product/q_auto:good,b_rgb:FAFAFA,c_scale,w_262/v1738238850/productimages/2233088-4-01.jpg",https://www.c-and-a.com/de/de/shop/hemd-regular-fit-kent-leinen-mix-2233088/4,2025-03-12 14:30:21
2233906,Hemd - Regular Fit - Kent - Leinen-Mix - gestreift,"19,99",shirts,hemd,"https://www.c-and-a.com/img/product/q_auto:good,b_rgb:FAFAFA,c_scale,w_262/v1739279869/productimages/2233906-1-01.jpg",https://www.c-and-a.com/de/de/shop/hemd-regular-fit-kent-leinen-mix-gestreift-2233906/1,2025-03-12 14:30:21
2233898,Hemd - Regular Fit - Button-down - gestreift,"19,99",shirts,hemd,"https://www.c-and-a.com/img/product/q_auto:good,b_rgb:FAFAFA,c_scale,w_262/v1732889099/productimages/2233898-1-01.jpg",https://www.c-and-a.com/de/de/shop/hemd-regular-fit-button-down-gestreift-2233898/1,2025-03-12 14:30:21
2232198,Hemd - Regular Fit - Button-down,"29,99",shirts,hemd,"https://www.c-and-a.com/img/product/q_auto:good,b_rgb:FAFAFA,c_scale,w_262/v1741271960/productimages/2232198-1-01.jpg",https://www.c-and-a.com/de/de/shop/hemd-regular-fit-button-down-2232198/1,2025-03-12 14:30:27
2233101,Hemd - Regular Fit - Stehkragen,"25,99",shirts,hemd,"https://www.c-and-a.com/img/product/q_auto:good,b_rgb:FAFAFA,c_scale,w_262/v1738231376/productimages/2233101-1-01.jpg",https://www.c-and-a.com/de/de/shop/hemd-regular-fit-stehkragen-2233101/1,2025-03-12 14:30:21
2222975,Hemd - Regular Fit - Button-down,"19,99",shirts,hemd,"https://www.c-and-a.com/img/product/q_auto:good,b_rgb:FAFAFA,c_scale,w_262/v1721124599/productimages/2222975-2-01.jpg",https://www.c-and-a.com/de/de/shop/hemd-regular-fit-button-down-2222975/2,2025-03-12 14:30:21
2233096,Hemd - Regular Fit - Stehkragen - Leinen-Mix,"25,99",shirts,hemd,"https://www.c-and-a.com/img/product/q_auto:good,b_rgb:FAFAFA,c_scale,w_262/v1738237429/productimages/2233096-2-01.jpg",https://www.c-and-a.com/de/de/shop/hemd-regular-fit-stehkragen-leinen-mix-2233096/2,2025-03-12 14:30:21
2234521,Hemdjacke - Relaxed Fit - Kent - strukturiert,"29,99",shirts,hemd,"https://www.c-and-a.com/img/product/q_auto:good,b_rgb:FAFAFA,c_scale,w_262/v1738678603/productimages/2234521-2-01.jpg",https://www.c-and-a.com/de/de/shop/hemdjacke-relaxed-fit-kent-strukturiert-2234521/2,2025-03-12 14:30:21
2233042,Hemd - Regular Fit - Stehkragen,"19,99",shirts,hemd,"https://www.c-and-a.com/img/product/q_auto:good,b_rgb:FAFAFA,c_scale,w_262/v1734010390/productimages/2233042-1-01.jpg",https://www.c-and-a.com/de/de/shop/hemd-regular-fit-stehkragen-2233042/1,2025-03-12 14:30:21
2233049,Hemd - Regular Fit - Kent,"19,99",shirts,hemd,"https://www.c-and-a.com/img/product/q_auto:good,b_rgb:FAFAFA,c_scale,w_262/v1741604754/productimages/2233049-5-01.jpg",https://www.c-and-a.com/de/de/shop/hemd-regular-fit-kent-2233049/5,2025-03-12 14:30:21
2225889,Businesshemd - Regular Fit - Kent - bügelleicht,"29,99",shirts,hemd,"https://www.c-and-a.com/img/product/q_auto:good,b_rgb:FAFAFA,c_scale,w_262/v1718790885/productimages/2225889-1-01.jpg",https://www.c-and-a.com/de/de/shop/businesshemd-regular-fit-kent-buegelleicht-2225889/1,2025-03-12 14:30:27
2225895,Businesshemd - Regular Fit - Cutaway - bügelleicht,"39,99",shirts,hemd,"https://www.c-and-a.com/img/product/q_auto:good,b_rgb:FAFAFA,c_scale,w_262/v1729841536/productimages/2225895-2-01.jpg",https://www.c-and-a.com/de/de/shop/businesshemd-regular-fit-cutaway-buegelleicht-2225895/2,2025-03-12 14:30:27
2232373,Businesshemd - Slim Fit - Kent - bügelfrei,"29,99",shirts,hemd,"https://www.c-and-a.com/img/product/q_auto:good,b_rgb:FAFAFA,c_scale,w_262/v1738236850/productimages/2232373-4-01.jpg",https://www.c-and-a.com/de/de/shop/businesshemd-slim-fit-kent-buegelfrei-2232373/4,2025-03-12 14:30:27
2233891,Hemd - Regular Fit - Stehkragen - Leinen-Mix - gestreift,"25,99",shirts,hemd,"https://www.c-and-a.com/img/product/q_auto:good,b_rgb:FAFAFA,c_scale,w_262/v1738338226/productimages/2233891-1-01.jpg",https://www.c-and-a.com/de/de/shop/hemd-regular-fit-stehkragen-leinen-mix-gestreift-2233891/1,2025-03-12 14:30:21
2212975,Hemd - Slim Fit - Kent - bügelleicht,"29,99",shirts,hemd,"https://www.c-and-a.com/img/product/q_auto:good,b_rgb:FAFAFA,c_scale,w_262/v1723618265/productimages/2212975-1-01.jpg",https://www.c-and-a.com/de/de/shop/hemd-slim-fit-kent-buegelleicht-2212975/1,2025-03-12 14:30:27
2192775,Businesshemd - Slim Fit - Kent - bügelleicht,"29,99",shirts,hemd,"https://www.c-and-a.com/img/product/q_auto:good,b_rgb:FAFAFA,c_scale,w_262/v1701345219/productimages/2192775-1-01.jpg",https://www.c-and-a.com/de/de/shop/businesshemd-slim-fit-kent-buegelleicht-2192775/1,2025-03-12 14:30:27
2222890,Hemd - Regular Fit - Kent,"29,99",shirts,hemd,"https://www.c-and-a.com/img/product/q_auto:good,b_rgb:FAFAFA,c_scale,w_262/v1720782146/productimages/2222890-1-01.jpg",https://www.c-and-a.com/de/de/shop/hemd-regular-fit-kent-2222890/1,2025-03-12 14:30:21
2232376,Businesshemd - Regular Fit - Kent - bügelfrei - strukturiert,"29,99",shirts,hemd,"https://www.c-and-a.com/img/product/q_auto:good,b_rgb:FAFAFA,c_scale,w_262/v1739094352/productimages/2232376-3-01.jpg",https://www.c-and-a.com/de/de/shop/businesshemd-regular-fit-kent-buegelfrei-strukturiert-2232376/3,2025-03-12 14:30:27
2233040,Hemd - Regular Fit - Button-down,"19,99",shirts,hemd,"https://www.c-and-a.com/img/product/q_auto:good,b_rgb:FAFAFA,c_scale,w_262/v1732889704/productimages/2233040-3-01.jpg",https://www.c-and-a.com/de/de/shop/hemd-regular-fit-button-down-2233040/3,2025-03-12 14:30:21
2219417,Businesshemd - Body Fit - Cutaway - bügelleicht - LYCRA®,"29,99",shirts,hemd,"https://www.c-and-a.com/img/product/q_auto:good,b_rgb:FAFAFA,c_scale,w_262/v1721805384/productimages/2219417-3-01.jpg",https://www.c-and-a.com/de/de/shop/businesshemd-body-fit-cutaway-buegelleicht-lycra-2219417/3,2025-03-12 14:30:27
2223372,T-Shirt - gestreift,"12,99",shirts,t-shirt,"https://www.c-and-a.com/img/product/q_auto:good,b_rgb:FAFAFA,c_scale,w_262/v1739976954/productimages/2223372-4-01.jpg",https://www.c-and-a.com/de/de/shop/t-shirt-gestreift-2223372/4,2025-03-12 14:30:18
2238345,T-Shirt,"15,99",shirts,t-shirt,"https://www.c-and-a.com/img/product/q_auto:good,b_rgb:FAFAFA,c_scale,w_262/v1740663300/productimages/2238345-1-01.jpg",https://www.c-and-a.com/de/de/shop/t-shirt-2238345/1,2025-03-12 14:30:18
2236932,T-Shirt,"9,99",shirts,t-shirt,"https://www.c-and-a.com/img/product/q_auto:good,b_rgb:FAFAFA,c_scale,w_262/v1738238231/productimages/2236932-1-01.jpg",https://www.c-and-a.com/de/de/shop/t-shirt-2236932/1,2025-03-12 14:30:18
2235582,T-Shirt,"9,99",shirts,t-shirt,"https://www.c-and-a.com/img/product/q_auto:good,b_rgb:FAFAFA,c_scale,w_262/v1736149604/productimages/2235582-1-01.jpg",https://www.c-and-a.com/de/de/shop/t-shirt-2235582/1,2025-03-12 14:30:18
2238197,Satin-Bluse - gemustert,"19,99",shirts,bluse,"https://www.c-and-a.com/img/product/q_auto:good,b_rgb:FAFAFA,c_scale,w_262/v1739531959/productimages/2238197-1-01.jpg",https://www.c-and-a.com/de/de/shop/satin-bluse-gemustert-2238197/1,2025-03-12 14:30:18
2235588,T-Shirt,"9,99",shirts,t-shirt,"https://www.c-and-a.com/img/product/q_auto:good,b_rgb:FAFAFA,c_scale,w_262/v1738739635/productimages/2235588-1-01.jpg",https://www.c-and-a.com/de/de/shop/t-shirt-2235588/1,2025-03-12 14:30:18
2235585,T-Shirt,"9,99",shirts,t-shirt,"https://www.c-and-a.com/img/product/q_auto:good,b_rgb:FAFAFA,c_scale,w_262/v1738230504/productimages/2235585-1-01.jpg",https://www.c-and-a.com/de/de/shop/t-shirt-2235585/1,2025-03-12 14:30:18
2236478,Bluse - Leinen-Mix,"29,99",shirts,bluse,"https://www.c-and-a.com/img/product/q_auto:good,b_rgb:FAFAFA,c_scale,w_262/v1739975983/productimages/2236478-1-01.jpg",https://www.c-and-a.com/de/de/shop/bluse-leinen-mix-2236478/1,2025-03-12 14:30:18
2238163,Bluse,"15,99",shirts,bluse,"https://www.c-and-a.com/img/product/q_auto:good,b_rgb:FAFAFA,c_scale,w_262/v1739881526/productimages/2238163-1-01.jpg",https://www.c-and-a.com/de/de/shop/bluse-2238163/1,2025-03-12 14:30:18
2235355,Bluse,"25,99",shirts,bluse,"https://www.c-and-a.com/img/product/q_auto:good,b_rgb:FAFAFA,c_scale,w_262/v1738829608/productimages/2235355-3-01.jpg",https://www.c-and-a.com/de/de/shop/bluse-2235355/3,2025-03-12 14:30:18
2238297,T-Shirt,"9,99",shirts,t-shirt,"https://www.c-and-a.com/img/product/q_auto:good,b_rgb:FAFAFA,c_scale,w_262/v1736937736/productimages/2238297-1-01.jpg",https://www.c-and-a.com/de/de/shop/t-shirt-2238297/1,2025-03-12 14:30:18
2238113,T-Shirt - Regular Fit,"12,99",shirts,t-shirt,"https://www.c-and-a.com/img/product/q_auto:good,b_rgb:FAFAFA,c_scale,w_262/v1741333121/productimages/2238113-1-08.jpg",https://www.c-and-a.com/de/de/shop/t-shirt-regular-fit-2238113/1,2025-03-12 14:30:18
2232925,T-Shirt mit Strasssteinen,"12,99",shirts,t-shirt,"https://www.c-and-a.com/img/product/q_auto:good,b_rgb:FAFAFA,c_scale,w_262/v1741178533/productimages/2232925-1-01.jpg",https://www.c-and-a.com/de/de/shop/t-shirt-mit-strasssteinen-2232925/1,2025-03-12 14:30:18
2232589,Bluse - gestreift,"19,99",shirts,bluse,"https://www.c-and-a.com/img/product/q_auto:good,b_rgb:FAFAFA,c_scale,w_262/v1740483334/productimages/2232589-3-01.jpg",https://www.c-and-a.com/de/de/shop/bluse-gestreift-2232589/3,2025-03-12 14:30:26
2235413,Bluse - Broderie Anglaise,"19,99",shirts,bluse,"https://www.c-and-a.com/img/product/q_auto:good,b_rgb:FAFAFA,c_scale,w_262/v1738229061/productimages/2235413-3-01.jpg",https://www.c-and-a.com/de/de/shop/bluse-broderie-anglaise-2235413/3,2025-03-12 14:30:18
2235583,T-Shirt,"9,99",shirts,t-shirt,"https://www.c-and-a.com/img/product/q_auto:good,b_rgb:FAFAFA,c_scale,w_262/v1736329057/productimages/2235583-1-01.jpg",https://www.c-and-a.com/de/de/shop/t-shirt-2235583/1,2025-03-12 14:30:18
2235985,T-Shirt - geblümt,"12,99",shirts,t-shirt,"https://www.c-and-a.com/img/product/q_auto:good,b_rgb:FAFAFA,c_scale,w_262/v1738837753/productimages/2235985-2-01.jpg",https://www.c-and-a.com/de/de/shop/t-shirt-gebluemt-2235985/2,2025-03-12 14:30:18
2234380,Set - Kapuzenpullover und Top - 2 teilig,"19,99",shirts,top,"https://www.c-and-a.com/img/product/q_auto:good,b_rgb:FAFAFA,c_scale,w_262/v1739359397/productimages/2234380-1-08.jpg",https://www.c-and-a.com/de/de/shop/set-kapuzenpullover-und-top-2-teilig-2234380/1,2025-03-12 14:30:18
2224840,Bluey - Sweatshirt,"14,99",shirts,tshirt,"https://www.c-and-a.com/img/product/q_auto:good,b_rgb:FAFAFA,c_scale,w_262/v1733488004/productimages/2224840-1-08.jpg",https://www.c-and-a.com/de/de/shop/bluey-sweatshirt-2224840/1,2025-03-12 14:30:18
2232131,Multipack 2er - Dino und Traktor - Sweatshirt und Hoodie,"22,99",shirts,hoodie,"https://www.c-and-a.com/img/product/q_auto:good,b_rgb:FAFAFA,c_scale,w_262/v1731654038/productimages/2232131-1-08.jpg",https://www.c-and-a.com/de/de/shop/multipack-2er-dino-und-traktor-sweatshirt-und-hoodie-2232131/1,2025-03-12 14:30:18
2230324,Multipack 2er - Naruto - Sweatshirt und Hoodie,"44,99",shirts,hoodie,"https://www.c-and-a.com/img/product/q_auto:good,b_rgb:FAFAFA,c_scale,w_262/v1732081991/productimages/2230324-1-08.jpg",https://www.c-and-a.com/de/de/shop/multipack-2er-naruto-sweatshirt-und-hoodie-2230324/1,2025-03-12 14:30:18
2229467,Multipack 5er - Hund und Kätzchen - Baby-Body,Price not found,shirts,other,"https://www.c-and-a.com/img/product/q_auto:good,b_rgb:FAFAFA,c_scale,w_262/v1730958224/productimages/2229467-1-08.jpg",https://www.c-and-a.com/de/de/shop/multipack-5er-hund-und-kaetzchen-baby-body-2229467/1,2025-03-12 14:30:19
2229465,Multipack 5er - Tiere - Baby-Wickelbody,Price not found,shirts,other,"https://www.c-and-a.com/img/product/q_auto:good,b_rgb:FAFAFA,c_scale,w_262/v1730353126/productimages/2229465-1-08.jpg",https://www.c-and-a.com/de/de/shop/multipack-5er-tiere-baby-wickelbody-2229465/1,2025-03-12 14:30:19
2232503,Basic-Langarmshirt,Price not found,shirts,shirt,"https://www.c-and-a.com/img/product/q_auto:good,b_rgb:FAFAFA,c_scale,w_262/v1731586348/productimages/2232503-3-01.jpg",https://www.c-and-a.com/de/de/shop/basic-langarmshirt-2232503/3,2025-03-12 14:30:19
2232469,Basic-Langarmshirt,Price not found,shirts,shirt,"https://www.c-and-a.com/img/product/q_auto:good,b_rgb:FAFAFA,c_scale,w_262/v1736149517/productimages/2232469-1-01.jpg",https://www.c-and-a.com/de/de/shop/basic-langarmshirt-2232469/1,2025-03-12 14:30:19
2230311,Sweatshirt,Price not found,shirts,tshirt,"https://www.c-and-a.com/img/product/q_auto:good,b_rgb:FAFAFA,c_scale,w_262/v1730896809/productimages/2230311-3-01.jpg",https://www.c-and-a.com/de/de/shop/sweatshirt-2230311/3,2025-03-12 14:30:19
2232506,Basic-Langarmshirt - gestreift,Price not found,shirts,shirt,"https://www.c-and-a.com/img/product/q_auto:good,b_rgb:FAFAFA,c_scale,w_262/v1731500140/productimages/2232506-2-01.jpg",https://www.c-and-a.com/de/de/shop/basic-langarmshirt-gestreift-2232506/2,2025-03-12 14:30:19
2232470,Basic-Langarmshirt - gestreift,Price not found,shirts,shirt,"https://www.c-and-a.com/img/product/q_auto:good,b_rgb:FAFAFA,c_scale,w_262/v1732010942/productimages/2232470-3-01.jpg",https://www.c-and-a.com/de/de/shop/basic-langarmshirt-gestreift-2232470/3,2025-03-12 14:30:19
2232511,Langarmshirt,Price not found,shirts,shirt,"https://www.c-and-a.com/img/product/q_auto:good,b_rgb:FAFAFA,c_scale,w_262/v1731499972/productimages/2232511-3-01.jpg",https://www.c-and-a.com/de/de/shop/langarmshirt-2232511/3,2025-03-12 14:30:19
2228060,Multipack 10er - Waschbär - Baby-Body,Price not found,shirts,other,"https://www.c-and-a.com/img/product/q_auto:good,b_rgb:FAFAFA,c_scale,w_262/v1732255238/productimages/2228060-1-08.jpg",https://www.c-and-a.com/de/de/shop/multipack-10er-waschbaer-baby-body-2228060/1,2025-03-12 14:30:19
2199530,Poloshirt,Price not found,shirts,poloshirt,"https://www.c-and-a.com/img/product/q_auto:good,b_rgb:FAFAFA,c_scale,w_262/v1690457890/productimages/2199530-6-01.jpg",https://www.c-and-a.com/de/de/shop/poloshirt-2199530/6,2025-03-12 14:30:19
2233852,Sweatshirt,Price not found,shirts,tshirt,"https://www.c-and-a.com/img/product/q_auto:good,b_rgb:FAFAFA,c_scale,w_262/v1734526171/productimages/2233852-1-01.jpg",https://www.c-and-a.com/de/de/shop/sweatshirt-2233852/1,2025-03-12 14:30:19
2229491,Langarmshirt - strukturiert,Price not found,shirts,shirt,"https://www.c-and-a.com/img/product/q_auto:good,b_rgb:FAFAFA,c_scale,w_262/v1727446573/productimages/2229491-2-01.jpg",https://www.c-and-a.com/de/de/shop/langarmshirt-strukturiert-2229491/2,2025-03-12 14:30:19
2237916,Bluse,Price not found,shirts,bluse,"https://www.c-and-a.com/img/product/q_auto:good,b_rgb:FAFAFA,c_scale,w_262/v1737565828/productimages/2237916-2-01.jpg",https://www.c-and-a.com/de/de/shop/bluse-2237916/2,2025-03-12 14:30:19
2232507,Basic-Langarmshirt,Price not found,shirts,shirt,"https://www.c-and-a.com/img/product/q_auto:good,b_rgb:FAFAFA,c_scale,w_262/v1737356519/productimages/2232507-3-01.jpg",https://www.c-and-a.com/de/de/shop/basic-langarmshirt-2232507/3,2025-03-12 14:30:19
2214909,Set - Umstands-T-Shirt und -rock - 2 teilig,Price not found,shirts,t-shirt,"https://www.c-and-a.com/img/product/q_auto:good,b_rgb:FAFAFA,c_scale,w_262/v1711111491/productimages/2214909-1-01.jpg",https://www.c-and-a.com/de/de/shop/set-umstands-t-shirt-und-rock-2-teilig-2214909/1,2025-03-12 14:30:20
2226803,T-Shirt - Ramones,Price not found,shirts,t-shirt,"https://www.c-and-a.com/img/product/q_auto:good,b_rgb:FAFAFA,c_scale,w_262/v1723538718/productimages/2226803-1-01.jpg",https://www.c-and-a.com/de/de/shop/t-shirt-ramones-2226803/1,2025-03-12 14:30:20
2227669,Crop Top,Price not found,shirts,top,"https://www.c-and-a.com/img/product/q_auto:good,b_rgb:FAFAFA,c_scale,w_262/v1720737290/productimages/2227669-1-01.jpg",https://www.c-and-a.com/de/de/shop/crop-top-2227669/1,2025-03-12 14:30:20
2227299,Top mit V-Ausschnitt - strukturiert,Price not found,shirts,top,"https://www.c-and-a.com/img/product/q_auto:good,b_rgb:FAFAFA,c_scale,w_262/v1718189252/productimages/2227299-5-01.jpg",https://www.c-and-a.com/de/de/shop/top-mit-v-ausschnitt-strukturiert-2227299/5,2025-03-12 14:30:20
2226806,Crop Top,Price not found,shirts,top,"https://www.c-and-a.com/img/product/q_auto:good,b_rgb:FAFAFA,c_scale,w_262/v1720000832/productimages/2226806-3-01.jpg",https://www.c-and-a.com/de/de/shop/crop-top-2226806/3,2025-03-12 14:30:20
2213168,Basic-T-Shirt,Price not found,shirts,t-shirt,"https://www.c-and-a.com/img/product/q_auto:good,b_rgb:FAFAFA,c_scale,w_262/v1701333765/productimages/2213168-2-01.jpg",https://www.c-and-a.com/de/de/shop/basic-t-shirt-2213168/2,2025-03-12 14:30:20
2226800,T-Shirt - Blondie,Price not found,shirts,t-shirt,"https://www.c-and-a.com/img/product/q_auto:good,b_rgb:FAFAFA,c_scale,w_262/v1721294047/productimages/2226800-1-01.jpg",https://www.c-and-a.com/de/de/shop/t-shirt-blondie-2226800/1,2025-03-12 14:30:20
2226798,T-Shirt - Johannes Vermeer,Price not found,shirts,t-shirt,"https://www.c-and-a.com/img/product/q_auto:good,b_rgb:FAFAFA,c_scale,w_262/v1721293961/productimages/2226798-1-01.jpg",https://www.c-and-a.com/de/de/shop/t-shirt-johannes-vermeer-2226798/1,2025-03-12 14:30:20
2205985,Multipack 2er - Basic-Top,Price not found,shirts,top,"https://www.c-and-a.com/img/product/q_auto:good,b_rgb:FAFAFA,c_scale,w_262/v1702273944/productimages/2205985-2-01.jpg",https://www.c-and-a.com/de/de/shop/multipack-2er-basic-top-2205985/2,2025-03-12 14:30:20
2236559,Minecraft - Kurzarmshirt,"12,99",shirts,shirt,"https://www.c-and-a.com/img/product/q_auto:good,b_rgb:FAFAFA,c_scale,w_262/v1740119333/productimages/2236559-1-08.jpg",https://www.c-and-a.com/de/de/shop/minecraft-kurzarmshirt-2236559/1,2025-03-12 14:30:20
2232869,Multipack 3er - Minecraft - Kurzarmshirt,"19,99",shirts,shirt,"https://www.c-and-a.com/img/product/q_auto:good,b_rgb:FAFAFA,c_scale,w_262/v1739601006/productimages/2232869-1-08.jpg",https://www.c-and-a.com/de/de/shop/multipack-3er-minecraft-kurzarmshirt-2232869/1,2025-03-12 14:30:20
2230793,Multipack 2er - Minecraft - Kurzarmshirt,"24,99",shirts,shirt,"https://www.c-and-a.com/img/product/q_auto:good,b_rgb:FAFAFA,c_scale,w_262/v1741761912/productimages/2230793-1-08.jpg",https://www.c-and-a.com/de/de/shop/multipack-2er-minecraft-kurzarmshirt-2230793/1,2025-03-12 14:30:20
2232339,Minecraft - Kurzarmshirt - Glanz-Effekt,"12,99",shirts,shirt,"https://www.c-and-a.com/img/product/q_auto:good,b_rgb:FAFAFA,c_scale,w_262/v1741329712/productimages/2232339-1-08.jpg",https://www.c-and-a.com/de/de/shop/minecraft-kurzarmshirt-glanz-effekt-2232339/1,2025-03-12 14:30:20
2236560,Minecraft - Kurzarmshirt,"12,99",shirts,shirt,"https://www.c-and-a.com/img/product/q_auto:good,b_rgb:FAFAFA,c_scale,w_262/v1741701673/productimages/2236560-1-01.jpg",https://www.c-and-a.com/de/de/shop/minecraft-kurzarmshirt-2236560/1,2025-03-12 14:30:20
2235765,Minecraft - Set - Kurzarmshirt und Shorts - 2 teilig,"24,99",shirts,shorts,"https://www.c-and-a.com/img/product/q_auto:good,b_rgb:FAFAFA,c_scale,w_262/v1741355440/productimages/2235765-1-08.jpg",https://www.c-and-a.com/de/de/shop/minecraft-set-kurzarmshirt-und-shorts-2-teilig-2235765/1,2025-03-12 14:30:20
2236563,Minecraft - Kurzarmshirt,"12,99",shirts,shirt,"https://www.c-and-a.com/img/product/q_auto:good,b_rgb:FAFAFA,c_scale,w_262/v1739600785/productimages/2236563-1-08.jpg",https://www.c-and-a.com/de/de/shop/minecraft-kurzarmshirt-2236563/1,2025-03-12 14:30:20
2233047,Hemd - Regular Fit - Button-down,"19,99",shirts,hemd,"https://www.c-and-a.com/img/product/q_auto:good,b_rgb:FAFAFA,c_scale,w_262/v1739373465/productimages/2233047-3-01.jpg",https://www.c-and-a.com/de/de/shop/hemd-regular-fit-button-down-2233047/3,2025-03-12 14:30:21
2222974,Hemd - Regular Fit - Button-down,"19,99",shirts,hemd,"https://www.c-and-a.com/img/product/q_auto:good,b_rgb:FAFAFA,c_scale,w_262/v1731051706/productimages/2222974-4-01.jpg",https://www.c-and-a.com/de/de/shop/hemd-regular-fit-button-down-2222974/4,2025-03-12 14:30:21
2233927,Hemd - Regular Fit - Kent - Leinen-Mix - gestreift,"25,99",shirts,hemd,"https://www.c-and-a.com/img/product/q_auto:good,b_rgb:FAFAFA,c_scale,w_262/v1738235080/productimages/2233927-2-01.jpg",https://www.c-and-a.com/de/de/shop/hemd-regular-fit-kent-leinen-mix-gestreift-2233927/2,2025-03-12 14:30:21
2235428,Hemd - Regular Fit - Button-down,"19,99",shirts,hemd,"https://www.c-and-a.com/img/product/q_auto:good,b_rgb:FAFAFA,c_scale,w_262/v1739373613/productimages/2235428-5-01.jpg",https://www.c-and-a.com/de/de/shop/hemd-regular-fit-button-down-2235428/5,2025-03-12 14:30:21
2233893,Hemdjacke - Relaxed Fit - Kent - gestreift,"29,99",shirts,hemd,"https://www.c-and-a.com/img/product/q_auto:good,b_rgb:FAFAFA,c_scale,w_262/v1738234984/productimages/2233893-1-01.jpg",https://www.c-and-a.com/de/de/shop/hemdjacke-relaxed-fit-kent-gestreift-2233893/1,2025-03-12 14:30:21
2233959,Hemd - Relaxed Fit - Kent - gestreift,"19,99",shirts,hemd,"https://www.c-and-a.com/img/product/q_auto:good,b_rgb:FAFAFA,c_scale,w_262/v1734467285/productimages/2233959-1-01.jpg",https://www.c-and-a.com/de/de/shop/hemd-relaxed-fit-kent-gestreift-2233959/1,2025-03-12 14:30:21
2233087,Hemd - Regular Fit - Kent,"25,99",shirts,hemd,"https://www.c-and-a.com/img/product/q_auto:good,b_rgb:FAFAFA,c_scale,w_262/v1738338848/productimages/2233087-1-01.jpg",https://www.c-and-a.com/de/de/shop/hemd-regular-fit-kent-2233087/1,2025-03-12 14:30:21
2232540,Poloshirt,"19,99",shirts,poloshirt,"https://www.c-and-a.com/img/product/q_auto:good,b_rgb:FAFAFA,c_scale,w_262/v1737308744/productimages/2232540-4-01.jpg",https://www.c-and-a.com/de/de/shop/poloshirt-2232540/4,2025-03-12 14:30:22
2232541,Poloshirt - strukturiert,"25,99",shirts,poloshirt,"https://www.c-and-a.com/img/product/q_auto:good,b_rgb:FAFAFA,c_scale,w_262/v1740739577/productimages/2232541-4-01.jpg",https://www.c-and-a.com/de/de/shop/poloshirt-strukturiert-2232541/4,2025-03-12 14:30:22
2235996,Multipack 3er - Lilo & Stitch - Kurzarmshirt,"19,99",shirts,shirt,"https://www.c-and-a.com/img/product/q_auto:good,b_rgb:FAFAFA,c_scale,w_262/v1739341694/productimages/2235996-1-08.jpg",https://www.c-and-a.com/de/de/shop/multipack-3er-lilo-stitch-kurzarmshirt-2235996/1,2025-03-12 14:30:22
2231638,Multipack 3er - Minnie Maus - Kurzarmshirt,"19,99",shirts,shirt,"https://www.c-and-a.com/img/product/q_auto:good,b_rgb:FAFAFA,c_scale,w_262/v1736840599/productimages/2231638-1-08.jpg",https://www.c-and-a.com/de/de/shop/multipack-3er-minnie-maus-kurzarmshirt-2231638/1,2025-03-12 14:30:22
2232167,Multipack 3er - Spider-Man - Kurzarmshirt,"19,99",shirts,shirt,"https://www.c-and-a.com/img/product/q_auto:good,b_rgb:FAFAFA,c_scale,w_262/v1737705210/productimages/2232167-1-08.jpg",https://www.c-and-a.com/de/de/shop/multipack-3er-spider-man-kurzarmshirt-2232167/1,2025-03-12 14:30:22
2231764,Die Eiskönigin - Kurzarmshirt,"9,99",shirts,shirt,"https://www.c-and-a.com/img/product/q_auto:good,b_rgb:FAFAFA,c_scale,w_262/v1734603494/productimages/2231764-1-08.jpg",https://www.c-and-a.com/de/de/shop/die-eiskoenigin-kurzarmshirt-2231764/1,2025-03-12 14:30:22
2237935,Multipack 2er - Lilo & Stitch - Kurzarmshirt,"19,99",shirts,shirt,"https://www.c-and-a.com/img/product/q_auto:good,b_rgb:FAFAFA,c_scale,w_262/v1737187707/productimages/2237935-1-08.jpg",https://www.c-and-a.com/de/de/shop/multipack-2er-lilo-stitch-kurzarmshirt-2237935/1,2025-03-12 14:30:22
2235535,Der König der Löwen - Kurzarmshirt,"7,99",shirts,shirt,"https://www.c-and-a.com/img/product/q_auto:good,b_rgb:FAFAFA,c_scale,w_262/v1738840701/productimages/2235535-1-08.jpg",https://www.c-and-a.com/de/de/shop/der-koenig-der-loewen-kurzarmshirt-2235535/1,2025-03-12 14:30:22
2231763,Die Eiskönigin - Kurzarmshirt,"9,99",shirts,shirt,"https://www.c-and-a.com/img/product/q_auto:good,b_rgb:FAFAFA,c_scale,w_262/v1734675838/productimages/2231763-1-08.jpg",https://www.c-and-a.com/de/de/shop/die-eiskoenigin-kurzarmshirt-2231763/1,2025-03-12 14:30:22
2231761,Die Eiskönigin - Kurzarmshirt,"7,99",shirts,shirt,"https://www.c-and-a.com/img/product/q_auto:good,b_rgb:FAFAFA,c_scale,w_262/v1736503542/productimages/2231761-1-08.jpg",https://www.c-and-a.com/de/de/shop/die-eiskoenigin-kurzarmshirt-2231761/1,2025-03-12 14:30:22
2237891,Lilo & Stitch - Kurzarmshirt,"12,99",shirts,shirt,"https://www.c-and-a.com/img/product/q_auto:good,b_rgb:FAFAFA,c_scale,w_262/v1738341727/productimages/2237891-1-01.jpg",https://www.c-and-a.com/de/de/shop/lilo-stitch-kurzarmshirt-2237891/1,2025-03-12 14:30:22
2231762,Die Eiskönigin - Kurzarmshirt,"7,99",shirts,shirt,"https://www.c-and-a.com/img/product/q_auto:good,b_rgb:FAFAFA,c_scale,w_262/v1736503043/productimages/2231762-1-08.jpg",https://www.c-and-a.com/de/de/shop/die-eiskoenigin-kurzarmshirt-2231762/1,2025-03-12 14:30:22
2235459,Lilo & Stitch - Nachthemd,"12,99",shirts,hemd,"https://www.c-and-a.com/img/product/q_auto:good,b_rgb:FAFAFA,c_scale,w_262/v1733227633/productimages/2235459-1-08.jpg",https://www.c-and-a.com/de/de/shop/lilo-stitch-nachthemd-2235459/1,2025-03-12 14:30:22
2230415,Deadpool - Kurzarmshirt,"12,99",shirts,shirt,"https://www.c-and-a.com/img/product/q_auto:good,b_rgb:FAFAFA,c_scale,w_262/v1741605285/productimages/2230415-1-01.jpg",https://www.c-and-a.com/de/de/shop/deadpool-kurzarmshirt-2230415/1,2025-03-12 14:30:22
2229256,Minnie Maus - Sweatshirt,"12,99",shirts,tshirt,"https://www.c-and-a.com/img/product/q_auto:good,b_rgb:FAFAFA,c_scale,w_262/v1731657216/productimages/2229256-1-08.jpg",https://www.c-and-a.com/de/de/shop/minnie-maus-sweatshirt-2229256/1,2025-03-12 14:30:22
2237906,Lilo & Stitch - Sweatshirt,"19,99",shirts,tshirt,"https://www.c-and-a.com/img/product/q_auto:good,b_rgb:FAFAFA,c_scale,w_262/v1738682124/productimages/2237906-1-01.jpg",https://www.c-and-a.com/de/de/shop/lilo-stitch-sweatshirt-2237906/1,2025-03-12 14:30:22
2230414,Spider-Man - Kurzarmshirt,"12,99",shirts,shirt,"https://www.c-and-a.com/img/product/q_auto:good,b_rgb:FAFAFA,c_scale,w_262/v1740656792/productimages/2230414-1-01.jpg",https://www.c-and-a.com/de/de/shop/spider-man-kurzarmshirt-2230414/1,2025-03-12 14:30:22
2244324,Lilo & Stitch - Set - Kurzarmshirt und Rock - 2 teilig,"17,99",shirts,shirt,"https://www.c-and-a.com/img/product/q_auto:good,b_rgb:FAFAFA,c_scale,w_262/v1741761613/productimages/2244324-1-08.jpg",https://www.c-and-a.com/de/de/shop/lilo-stitch-set-kurzarmshirt-und-rock-2-teilig-2244324/1,2025-03-12 14:30:22
2237356,Lilo & Stitch - Set - Top und Leggings - 2 teilig,"24,99",shirts,leggings,"https://www.c-and-a.com/img/product/q_auto:good,b_rgb:FAFAFA,c_scale,w_262/v1737014596/productimages/2237356-1-08.jpg",https://www.c-and-a.com/de/de/shop/lilo-stitch-set-top-und-leggings-2-teilig-2237356/1,2025-03-12 14:30:22
2224846,Nachthemd - Micky Maus - gestreift,"17,99",shirts,hemd,"https://www.c-and-a.com/img/product/q_auto:good,b_rgb:FAFAFA,c_scale,w_262/v1717580065/productimages/2224846-1-01.jpg",https://www.c-and-a.com/de/de/shop/nachthemd-micky-maus-gestreift-2224846/1,2025-03-12 14:30:22
2237934,Multipack 2er - Lilo & Stitch - Kurzarmshirt - gerippt,"22,99",shirts,shirt,"https://www.c-and-a.com/img/product/q_auto:good,b_rgb:FAFAFA,c_scale,w_262/v1738245343/productimages/2237934-1-08.jpg",https://www.c-and-a.com/de/de/shop/multipack-2er-lilo-stitch-kurzarmshirt-gerippt-2237934/1,2025-03-12 14:30:22
2232248,Spider-Man - Set - Kurzarmshirt und Shorts - 2 teilig,"17,99",shirts,shorts,"https://www.c-and-a.com/img/product/q_auto:good,b_rgb:FAFAFA,c_scale,w_262/v1741102920/productimages/2232248-1-08.jpg",https://www.c-and-a.com/de/de/shop/spider-man-set-kurzarmshirt-und-shorts-2-teilig-2232248/1,2025-03-12 14:30:22
2211447,Baukasten-Hose - Body Fit - Flex - 4 Way Stretch - LYCRA®,"39,99",shirts,other,"https://www.c-and-a.com/img/product/q_auto:good,b_rgb:FAFAFA,c_scale,w_262/v1722594604/productimages/2211447-1-01.jpg",https://www.c-and-a.com/de/de/shop/baukasten-hose-body-fit-flex-4-way-stretch-lycra-2211447/1,2025-03-12 14:30:24
2187289,Baukasten-Sakko - Body Fit - Flex - LYCRA®,"79,99",shirts,suit,"https://www.c-and-a.com/img/product/q_auto:good,b_rgb:FAFAFA,c_scale,w_262/v1702194642/productimages/2187289-1-01.jpg",https://www.c-and-a.com/de/de/shop/baukasten-sakko-body-fit-flex-lycra-2187289/1,2025-03-12 14:30:24
2190856,Poloshirt,"12,99",shirts,poloshirt,"https://www.c-and-a.com/img/product/q_auto:good,b_rgb:FAFAFA,c_scale,w_262/v1703232617/productimages/2190856-18-01.jpg",https://www.c-and-a.com/de/de/shop/poloshirt-2190856/18,2025-03-12 14:30:24
2150626,Businesshemd - Slim Fit - extra lange Ärmel - bügelleicht,"25,99",shirts,hemd,"https://www.c-and-a.com/img/product/q_auto:good,b_rgb:FAFAFA,c_scale,w_262/v1647240514/productimages/2150626-2-01.jpg",https://www.c-and-a.com/de/de/shop/businesshemd-slim-fit-extra-lange-aermel-buegelleicht-2150626/2,2025-03-12 14:30:27
2205628,Businesshemd - Slim Fit - Kent - bügelleicht,"29,99",shirts,hemd,"https://www.c-and-a.com/img/product/q_auto:good,b_rgb:FAFAFA,c_scale,w_262/v1702457661/productimages/2205628-1-01.jpg",https://www.c-and-a.com/de/de/shop/businesshemd-slim-fit-kent-buegelleicht-2205628/1,2025-03-12 14:30:27
2149684,Businesshemd - Regular Fit - extra lange Ärmel - bügelleicht,Price not found,shirts,hemd,"https://www.c-and-a.com/img/product/q_auto:good,b_rgb:FAFAFA,c_scale,w_262/v1704363298/productimages/2149684-2-01.jpg",https://www.c-and-a.com/de/de/shop/businesshemd-regular-fit-extra-lange-aermel-buegelleicht-2149684/2,2025-03-12 14:30:27
2149583,Businesshemd - Body Fit - Cutaway - Flex,"25,99",shirts,hemd,"https://www.c-and-a.com/img/product/q_auto:good,b_rgb:FAFAFA,c_scale,w_262/v1667205276/productimages/2149583-1-01.jpg",https://www.c-and-a.com/de/de/shop/businesshemd-body-fit-cutaway-flex-2149583/1,2025-03-12 14:30:27
2225899,Businesshemd - Slim Fit - Kent - bügelleicht - gemustert,"29,99",shirts,hemd,"https://www.c-and-a.com/img/product/q_auto:good,b_rgb:FAFAFA,c_scale,w_262/v1727269795/productimages/2225899-1-01.jpg",https://www.c-and-a.com/de/de/shop/businesshemd-slim-fit-kent-buegelleicht-gemustert-2225899/1,2025-03-12 14:30:27
2232448,Businesshemd - Slim Fit - Kent,"29,99",shirts,hemd,"https://www.c-and-a.com/img/product/q_auto:good,b_rgb:FAFAFA,c_scale,w_262/v1741676330/productimages/2232448-1-01.jpg",https://www.c-and-a.com/de/de/shop/businesshemd-slim-fit-kent-2232448/1,2025-03-12 14:30:27
2211459,Baukasten-Hose - Body Fit - Flex - LYCRA® - Mix & Match,"39,99",shirts,other,"https://www.c-and-a.com/img/product/q_auto:good,b_rgb:FAFAFA,c_scale,w_262/v1731052047/productimages/2211459-1-01.jpg",https://www.c-and-a.com/de/de/shop/baukasten-hose-body-fit-flex-lycra-mix-match-2211459/1,2025-03-12 14:30:24
2187290,Baukasten-Hose - Body Fit - Flex - 4 Way Stretch,"39,99",shirts,other,"https://www.c-and-a.com/img/product/q_auto:good,b_rgb:FAFAFA,c_scale,w_262/v1702050633/productimages/2187290-1-01.jpg",https://www.c-and-a.com/de/de/shop/baukasten-hose-body-fit-flex-4-way-stretch-2187290/1,2025-03-12 14:30:24
2190827,Baukasten-Hose - Body Fit - Flex - LYCRA® - Mix & Match,"39,99",shirts,other,"https://www.c-and-a.com/img/product/q_auto:good,b_rgb:FAFAFA,c_scale,w_262/v1702461293/productimages/2190827-2-01.jpg",https://www.c-and-a.com/de/de/shop/baukasten-hose-body-fit-flex-lycra-mix-match-2190827/2,2025-03-12 14:30:24
2222481,Hemd,"9,99",shirts,hemd,"https://www.c-and-a.com/img/product/q_auto:good,b_rgb:FAFAFA,c_scale,w_262/v1718365360/productimages/2222481-2-01.jpg",https://www.c-and-a.com/de/de/shop/hemd-2222481/2,2025-03-12 14:30:26
2235350,Blusenkleid mit Gürtel - gemustert,"35,99",shirts,bluse,"https://www.c-and-a.com/img/product/q_auto:good,b_rgb:FAFAFA,c_scale,w_262/v1738240061/productimages/2235350-1-01.jpg",https://www.c-and-a.com/de/de/shop/blusenkleid-mit-guertel-gemustert-2235350/1,2025-03-12 14:30:26
2236730,"Blume - Set - Kurzarmshirt, Rock und Scrunchie - 3 teilig","19,99",shirts,shirt,"https://www.c-and-a.com/img/product/q_auto:good,b_rgb:FAFAFA,c_scale,w_262/v1740396687/productimages/2236730-1-08.jpg",https://www.c-and-a.com/de/de/shop/blume-set-kurzarmshirt-rock-und-scrunchie-3-teilig-2236730/1,2025-03-12 14:30:26
2235790,Blusenkleid - Leo-Print - strukturiert,"35,99",shirts,bluse,"https://www.c-and-a.com/img/product/q_auto:good,b_rgb:FAFAFA,c_scale,w_262/v1738343006/productimages/2235790-2-01.jpg",https://www.c-and-a.com/de/de/shop/blusenkleid-leo-print-strukturiert-2235790/2,2025-03-12 14:30:26
2236245,Hemd,"12,99",shirts,hemd,"https://www.c-and-a.com/img/product/q_auto:good,b_rgb:FAFAFA,c_scale,w_262/v1740818134/productimages/2236245-1-01.jpg",https://www.c-and-a.com/de/de/shop/hemd-2236245/1,2025-03-12 14:30:26
2235653,Bluse - gestreift,"15,99",shirts,bluse,"https://www.c-and-a.com/img/product/q_auto:good,b_rgb:FAFAFA,c_scale,w_262/v1740656119/productimages/2235653-1-01.jpg",https://www.c-and-a.com/de/de/shop/bluse-gestreift-2235653/1,2025-03-12 14:30:26
2232371,Businesshemd - Slim Fit - Cutaway - gemustert,"29,99",shirts,hemd,"https://www.c-and-a.com/img/product/q_auto:good,b_rgb:FAFAFA,c_scale,w_262/v1739279926/productimages/2232371-1-01.jpg",https://www.c-and-a.com/de/de/shop/businesshemd-slim-fit-cutaway-gemustert-2232371/1,2025-03-12 14:30:27
2192532,Businesshemd - Slim Fit - Cutaway - bügelleicht,"29,99",shirts,hemd,"https://www.c-and-a.com/img/product/q_auto:good,b_rgb:FAFAFA,c_scale,w_262/v1702029077/productimages/2192532-2-01.jpg",https://www.c-and-a.com/de/de/shop/businesshemd-slim-fit-cutaway-buegelleicht-2192532/2,2025-03-12 14:30:27
2227187,Businesshemd - Slim Fit - Kent - bügelleicht - gemustert,"29,99",shirts,hemd,"https://www.c-and-a.com/img/product/q_auto:good,b_rgb:FAFAFA,c_scale,w_262/v1734010759/productimages/2227187-2-01.jpg",https://www.c-and-a.com/de/de/shop/businesshemd-slim-fit-kent-buegelleicht-gemustert-2227187/2,2025-03-12 14:30:27
2222462,Businesshemd - Regular Fit - Cutaway - bügelleicht,"39,99",shirts,hemd,"https://www.c-and-a.com/img/product/q_auto:good,b_rgb:FAFAFA,c_scale,w_262/v1734679023/productimages/2222462-8-01.jpg",https://www.c-and-a.com/de/de/shop/businesshemd-regular-fit-cutaway-buegelleicht-2222462/8,2025-03-12 14:30:27
2234438,Businesshemd - Regular Fit - Kent - gestreift,"39,99",shirts,hemd,"https://www.c-and-a.com/img/product/q_auto:good,b_rgb:FAFAFA,c_scale,w_262/v1741271896/productimages/2234438-1-08.jpg",https://www.c-and-a.com/de/de/shop/businesshemd-regular-fit-kent-gestreift-2234438/1,2025-03-12 14:30:27
2197315,Businesshemd - Regular Fit - Kent - bügelleicht,"29,99",shirts,hemd,"https://www.c-and-a.com/img/product/q_auto:good,b_rgb:FAFAFA,c_scale,w_262/v1703840836/productimages/2197315-1-01.jpg",https://www.c-and-a.com/de/de/shop/businesshemd-regular-fit-kent-buegelleicht-2197315/1,2025-03-12 14:30:27
2197318,Businesshemd - Slim Fit - Kent - bügelleicht,"29,99",shirts,hemd,"https://www.c-and-a.com/img/product/q_auto:good,b_rgb:FAFAFA,c_scale,w_262/v1703848050/productimages/2197318-1-01.jpg",https://www.c-and-a.com/de/de/shop/businesshemd-slim-fit-kent-buegelleicht-2197318/1,2025-03-12 14:30:27
2192536,Businesshemd - Regular Fit - Kent - bügelleicht,"29,99",shirts,hemd,"https://www.c-and-a.com/img/product/q_auto:good,b_rgb:FAFAFA,c_scale,w_262/v1703840889/productimages/2192536-1-01.jpg",https://www.c-and-a.com/de/de/shop/businesshemd-regular-fit-kent-buegelleicht-2192536/1,2025-03-12 14:30:27
2230964,Smokinghemd - Regular Fit - Kläppchenkragen - bügelleicht,Price not found,shirts,hemd,"https://www.c-and-a.com/img/product/q_auto:good,b_rgb:FAFAFA,c_scale,w_262/v1729777072/productimages/2230964-1-01.jpg",https://www.c-and-a.com/de/de/shop/smokinghemd-regular-fit-klaeppchenkragen-buegelleicht-2230964/1,2025-03-12 14:30:27
2192528,Businesshemd - Regular Fit - Cutaway - bügelleicht,"29,99",shirts,hemd,"https://www.c-and-a.com/img/product/q_auto:good,b_rgb:FAFAFA,c_scale,w_262/v1709116896/productimages/2192528-1-01.jpg",https://www.c-and-a.com/de/de/shop/businesshemd-regular-fit-cutaway-buegelleicht-2192528/1,2025-03-12 14:30:27
2227794,Hemd - Regular Fit - Button-down - Minimal-Print,Price not found,shirts,hemd,"https://www.c-and-a.com/img/product/q_auto:good,b_rgb:FAFAFA,c_scale,w_262/v1730215014/productimages/2227794-1-01.jpg",https://www.c-and-a.com/de/de/shop/hemd-regular-fit-button-down-minimal-print-2227794/1,2025-03-12 14:30:27
2186156,Businesshemd - Body Fit - Cutaway - LYCRA®,"25,99",shirts,hemd,"https://www.c-and-a.com/img/product/q_auto:good,b_rgb:FAFAFA,c_scale,w_262/v1704290906/productimages/2186156-1-01.jpg",https://www.c-and-a.com/de/de/shop/businesshemd-body-fit-cutaway-lycra-2186156/1,2025-03-12 14:30:27
2186158,Businesshemd - Slim Fit - Kent - bügelleicht,"29,99",shirts,hemd,"https://www.c-and-a.com/img/product/q_auto:good,b_rgb:FAFAFA,c_scale,w_262/v1654249856/productimages/2186158-1-01.jpg",https://www.c-and-a.com/de/de/shop/businesshemd-slim-fit-kent-buegelleicht-2186158/1,2025-03-12 14:30:27
2192572,Businesshemd - Regular Fit - Cutaway - bügelleicht,"39,99",shirts,hemd,"https://www.c-and-a.com/img/product/q_auto:good,b_rgb:FAFAFA,c_scale,w_262/v1702468429/productimages/2192572-3-01.jpg",https://www.c-and-a.com/de/de/shop/businesshemd-regular-fit-cutaway-buegelleicht-2192572/3,2025-03-12 14:30:27
2186159,Businesshemd - Slim Fit - Kent - bügelleicht,"29,99",shirts,hemd,"https://www.c-and-a.com/img/product/q_auto:good,b_rgb:FAFAFA,c_scale,w_262/v1656489833/productimages/2186159-1-01.jpg",https://www.c-and-a.com/de/de/shop/businesshemd-slim-fit-kent-buegelleicht-2186159/1,2025-03-12 14:30:27
2198826,Businesshemd - Regular Fit - Cutaway - bügelleicht,Price not found,shirts,hemd,"https://www.c-and-a.com/img/product/q_auto:good,b_rgb:FAFAFA,c_scale,w_262/v1706089160/productimages/2198826-1-01.jpg",https://www.c-and-a.com/de/de/shop/businesshemd-regular-fit-cutaway-buegelleicht-2198826/1,2025-03-12 14:30:27
2192522,Businesshemd - Regular Fit - Kent - bügelleicht,"29,99",shirts,hemd,"https://www.c-and-a.com/img/product/q_auto:good,b_rgb:FAFAFA,c_scale,w_262/v1703232665/productimages/2192522-3-01.jpg",https://www.c-and-a.com/de/de/shop/businesshemd-regular-fit-kent-buegelleicht-2192522/3,2025-03-12 14:30:27
2192773,Businesshemd - Regular Fit - Kent - bügelleicht,"29,99",shirts,hemd,"https://www.c-and-a.com/img/product/q_auto:good,b_rgb:FAFAFA,c_scale,w_262/v1703844218/productimages/2192773-2-01.jpg",https://www.c-and-a.com/de/de/shop/businesshemd-regular-fit-kent-buegelleicht-2192773/2,2025-03-12 14:30:27
2205630,Businesshemd - Regular Fit - Kent - bügelleicht,"29,99",shirts,hemd,"https://www.c-and-a.com/img/product/q_auto:good,b_rgb:FAFAFA,c_scale,w_262/v1717493843/productimages/2205630-3-01.jpg",https://www.c-and-a.com/de/de/shop/businesshemd-regular-fit-kent-buegelleicht-2205630/3,2025-03-12 14:30:27
